timestamp,asset_id,action,user,status
2026-01-28 22:04:37,A118,Isolation Requested,ControlRoom,ISOLATED
2026-01-28 22:04:55,A118,Lineman Check-In,Lineman_App,MAINTENANCE (LOCKED)
2026-01-28 22:05:00,A118,Lineman Check-Out,Lineman_App,MAINTENANCE (LOCKED)
2026-01-28 22:05:03,A118,Lineman Check-In,Lineman_App,MAINTENANCE (LOCKED)
2026-01-28 22:05:14,A118,Lineman Check-Out,Lineman_App,MAINTENANCE (LOCKED)
2026-01-28 22:05:18,A118,Line Re-Energized,ControlRoom,LIVE
2026-01-28 22:07:39,A118,Risk Score Calculated: 0.22,AI_Model,LIVE
2026-01-29 21:32:14,A118,Risk Score Calculated: 0.28,AI_Model,LIVE
2026-01-29 21:32:52,A118,Isolation Requested,ControlRoom,ISOLATED
2026-01-29 21:32:59,A118,Lineman Check-In,Lineman_App,MAINTENANCE (LOCKED)
2026-01-29 21:33:05,A118,Lineman Check-Out,Lineman_App,MAINTENANCE (LOCKED)
2026-01-29 21:33:07,A118,Lineman Check-In,Lineman_App,MAINTENANCE (LOCKED)
2026-01-29 21:33:09,A118,Lineman Check-Out,Lineman_App,MAINTENANCE (LOCKED)
2026-01-29 21:33:10,A118,Line Re-Energized,ControlRoom,LIVE
2026-01-29 21:33:16,A118,Isolation Requested,ControlRoom,ISOLATED
2026-01-29 21:33:19,A118,Line Re-Energized,ControlRoom,LIVE
2026-01-29 21:33:55,A155,Risk Score Calculated: 0.05,AI_Model,LIVE
2026-01-29 21:34:12,A118,Risk Score Calculated: 0.28,AI_Model,LIVE
2026-01-29 21:35:49,A118,Isolation Requested,ControlRoom,ISOLATED
2026-01-29 21:35:52,A118,Line Re-Energized,ControlRoom,LIVE
2026-01-29 21:35:54,A118,Risk Score Calculated: 0.28,AI_Model,LIVE
2026-01-29 21:35:59,A118,Isolation Requested,ControlRoom,ISOLATED
2026-01-29 21:36:13,A118,Risk Score Calculated: 0.28,AI_Model,ISOLATED
2026-01-29 21:36:16,A118,Risk Score Calculated: 0.28,AI_Model,ISOLATED
2026-01-29 21:36:17,A118,Risk Score Calculated: 0.28,AI_Model,ISOLATED
2026-01-29 21:36:19,A118,Risk Score Calculated: 0.28,AI_Model,ISOLATED
2026-01-29 21:36:20,A118,Risk Score Calculated: 0.28,AI_Model,ISOLATED
2026-01-29 21:36:37,A118,Lineman Check-In,Lineman_App,MAINTENANCE (LOCKED)
2026-01-29 21:36:41,A118,Lineman Check-Out,Lineman_App,MAINTENANCE (LOCKED)
2026-01-30 09:31:42,A118,Risk Score Calculated: 0.17,AI_Model,LIVE
2026-01-30 09:31:45,A118,Risk Score Calculated: 0.22,AI_Model,LIVE
2026-01-30 09:31:46,A118,Risk Score Calculated: 0.28,AI_Model,LIVE
2026-01-30 09:31:46,A118,Risk Score Calculated: 0.28,AI_Model,LIVE
2026-01-30 09:31:47,A118,Risk Score Calculated: 0.28,AI_Model,LIVE
2026-01-30 09:31:47,A118,Risk Score Calculated: 0.13,AI_Model,LIVE
2026-01-30 09:31:47,A118,Risk Score Calculated: 0.28,AI_Model,LIVE
2026-01-30 09:31:47,A118,Risk Score Calculated: 0.28,AI_Model,LIVE
2026-01-30 09:31:47,A118,Risk Score Calculated: 0.28,AI_Model,LIVE
2026-01-30 09:31:48,A118,Risk Score Calculated: 0.16,AI_Model,LIVE
2026-01-30 09:31:48,A118,Risk Score Calculated: 0.28,AI_Model,LIVE
2026-01-30 09:31:48,A118,Risk Score Calculated: 0.28,AI_Model,LIVE
2026-01-30 09:31:48,A118,Risk Score Calculated: 0.28,AI_Model,LIVE
2026-01-30 09:31:48,A118,Risk Score Calculated: 0.22,AI_Model,LIVE
2026-01-30 09:31:49,A118,Risk Score Calculated: 0.28,AI_Model,LIVE
2026-01-30 09:31:49,A118,Risk Score Calculated: 0.28,AI_Model,LIVE
2026-01-30 09:31:49,A118,Risk Score Calculated: 0.28,AI_Model,LIVE
2026-01-30 09:31:49,A118,Risk Score Calculated: 0.28,AI_Model,LIVE
2026-01-30 09:31:49,A118,Risk Score Calculated: 0.28,AI_Model,LIVE
2026-01-30 09:31:50,A118,Risk Score Calculated: 0.28,AI_Model,LIVE
2026-01-30 09:31:50,A118,Risk Score Calculated: 0.28,AI_Model,LIVE
2026-01-30 09:31:50,A118,Risk Score Calculated: 0.28,AI_Model,LIVE
2026-01-30 09:31:50,A118,Risk Score Calculated: 0.22,AI_Model,LIVE
2026-01-30 09:31:50,A118,Risk Score Calculated: 0.28,AI_Model,LIVE
2026-01-30 09:31:51,A118,Risk Score Calculated: 0.16,AI_Model,LIVE
2026-01-30 09:31:59,A118,Isolation Requested,ControlRoom,ISOLATED
2026-01-30 09:32:02,A118,Line Re-Energized,ControlRoom,LIVE
2026-01-30 09:32:03,A118,Isolation Requested,ControlRoom,ISOLATED
2026-01-30 09:32:04,A118,Lineman Check-In,Lineman_App,MAINTENANCE (LOCKED)
2026-01-30 09:32:05,A118,Lineman Check-Out,Lineman_App,MAINTENANCE (LOCKED)
2026-01-30 09:32:06,A118,Line Re-Energized,ControlRoom,LIVE
2026-01-30 09:37:35,A118,Risk Score Calculated: 0.28,AI_Model,LIVE
2026-01-30 09:37:38,A118,Risk Score Calculated: 0.28,AI_Model,LIVE
2026-01-30 09:37:39,A118,Risk Score Calculated: 0.16,AI_Model,LIVE
2026-01-30 09:37:39,A118,Risk Score Calculated: 0.16,AI_Model,LIVE
2026-01-30 09:37:39,A118,Risk Score Calculated: 0.28,AI_Model,LIVE
2026-01-30 09:37:39,A118,Risk Score Calculated: 0.28,AI_Model,LIVE
2026-01-30 09:37:39,A118,Risk Score Calculated: 0.16,AI_Model,LIVE
2026-01-30 09:37:40,A118,Risk Score Calculated: 0.28,AI_Model,LIVE
2026-01-30 09:37:40,A118,Risk Score Calculated: 0.28,AI_Model,LIVE
2026-01-30 09:37:40,A118,Risk Score Calculated: 0.28,AI_Model,LIVE
2026-01-30 09:37:40,A118,Risk Score Calculated: 0.28,AI_Model,LIVE
2026-01-30 09:37:41,A118,Risk Score Calculated: 0.28,AI_Model,LIVE
2026-01-30 09:37:41,A118,Risk Score Calculated: 0.28,AI_Model,LIVE
2026-01-30 09:37:41,A118,Risk Score Calculated: 0.22,AI_Model,LIVE
2026-01-30 09:37:43,A118,Isolation Requested,ControlRoom,ISOLATED
2026-01-30 09:37:47,A118,Lineman Check-In,Lineman_App,MAINTENANCE (LOCKED)
2026-01-30 09:37:49,A118,Lineman Check-Out,Lineman_App,MAINTENANCE (LOCKED)
2026-01-30 09:37:51,A118,Lineman Check-In,Lineman_App,MAINTENANCE (LOCKED)
2026-01-30 09:37:54,A118,Isolation Requested,ControlRoom,ISOLATED
2026-01-30 09:37:55,A118,Line Re-Energized,ControlRoom,LIVE
2026-01-30 17:32:05,A118,Risk Score Calculated: 0.86,AI_Model,LIVE
2026-01-30 17:32:10,A118,Risk Score Calculated: 0.86,AI_Model,LIVE
2026-01-30 17:32:15,A118,Risk Score Calculated: 0.86,AI_Model,LIVE
2026-01-30 17:32:20,A118,Risk Score Calculated: 0.86,AI_Model,LIVE
2026-01-30 17:32:25,A118,Isolation Requested,ControlRoom,ISOLATED
2026-01-30 17:32:25,A118,Risk Score Calculated: 0.86,AI_Model,ISOLATED
2026-01-30 17:32:33,A118,Risk Score Calculated: 0.83,AI_Model,ISOLATED
2026-01-30 17:32:47,A118,Risk Score Calculated: 0.86,AI_Model,ISOLATED
2026-01-30 17:32:52,A118,Risk Score Calculated: 0.77,AI_Model,ISOLATED
2026-01-30 17:32:57,A118,Risk Score Calculated: 0.83,AI_Model,ISOLATED
2026-01-30 17:33:07,A118,Risk Score Calculated: 0.76,AI_Model,ISOLATED
2026-01-30 17:33:12,A118,Risk Score Calculated: 0.86,AI_Model,ISOLATED
2026-01-30 17:33:17,A118,Risk Score Calculated: 0.77,AI_Model,ISOLATED
2026-01-30 17:33:22,A118,Risk Score Calculated: 0.86,AI_Model,ISOLATED
2026-01-30 17:33:23,A118,Lineman Check-In,Lineman_App,MAINTENANCE (LOCKED)
2026-01-30 17:33:29,A118,Risk Score Calculated: 0.86,AI_Model,MAINTENANCE (LOCKED)
2026-01-30 17:33:29,A118,Lineman Check-Out,Lineman_App,MAINTENANCE (LOCKED)
2026-01-30 17:33:38,A118,Risk Score Calculated: 0.86,AI_Model,ISOLATED
2026-01-30 17:33:45,A118,Risk Score Calculated: 0.86,AI_Model,ISOLATED
2026-01-30 17:33:46,A118,Risk Score Calculated: 0.86,AI_Model,ISOLATED
2026-01-30 17:33:46,A118,Risk Score Calculated: 0.86,AI_Model,ISOLATED
2026-01-30 17:33:46,A118,Risk Score Calculated: 0.76,AI_Model,ISOLATED
2026-01-30 17:33:47,A118,Risk Score Calculated: 0.86,AI_Model,ISOLATED
2026-01-30 17:33:47,A118,Risk Score Calculated: 0.86,AI_Model,ISOLATED
2026-01-30 17:33:47,A118,Risk Score Calculated: 0.86,AI_Model,ISOLATED
2026-01-30 17:33:48,A118,Risk Score Calculated: 0.86,AI_Model,ISOLATED
2026-01-30 17:33:48,A118,Risk Score Calculated: 0.86,AI_Model,ISOLATED
2026-01-30 17:33:48,A118,Risk Score Calculated: 0.86,AI_Model,ISOLATED
2026-01-30 17:33:48,A118,Risk Score Calculated: 0.83,AI_Model,ISOLATED
2026-01-30 17:33:49,A118,Risk Score Calculated: 0.86,AI_Model,ISOLATED
2026-01-30 17:33:50,A118,Risk Score Calculated: 0.86,AI_Model,ISOLATED
2026-01-30 17:33:50,A118,Risk Score Calculated: 0.86,AI_Model,ISOLATED
2026-01-30 17:33:51,A118,Risk Score Calculated: 0.86,AI_Model,ISOLATED
2026-01-30 17:33:51,A118,Risk Score Calculated: 0.86,AI_Model,ISOLATED
2026-01-30 17:33:51,A118,Risk Score Calculated: 0.83,AI_Model,ISOLATED
2026-01-30 17:33:51,A118,Risk Score Calculated: 0.86,AI_Model,ISOLATED
2026-01-30 17:33:51,A118,Risk Score Calculated: 0.86,AI_Model,ISOLATED
2026-01-30 17:33:52,A118,Risk Score Calculated: 0.86,AI_Model,ISOLATED
2026-01-30 17:36:14,A118,Risk Score Calculated: 0.86,AI_Model,LIVE
2026-01-30 17:36:19,A118,Risk Score Calculated: 0.76,AI_Model,LIVE
2026-01-30 17:36:24,A118,Risk Score Calculated: 0.76,AI_Model,LIVE
2026-01-30 17:36:29,A118,Risk Score Calculated: 0.86,AI_Model,LIVE
2026-01-30 17:36:34,A118,Risk Score Calculated: 0.83,AI_Model,LIVE
2026-01-30 17:36:39,A118,Risk Score Calculated: 0.86,AI_Model,LIVE
2026-01-30 17:36:44,A118,Risk Score Calculated: 0.86,AI_Model,LIVE
2026-01-30 17:36:49,A118,Risk Score Calculated: 0.77,AI_Model,LIVE
2026-01-30 17:36:54,A118,Risk Score Calculated: 0.86,AI_Model,LIVE
2026-01-30 17:36:59,A118,Risk Score Calculated: 0.86,AI_Model,LIVE
2026-01-30 17:37:04,A118,Risk Score Calculated: 0.86,AI_Model,LIVE
2026-01-30 17:37:10,A118,Risk Score Calculated: 0.86,AI_Model,LIVE
2026-01-30 17:37:15,A118,Risk Score Calculated: 0.86,AI_Model,LIVE
2026-01-30 17:37:20,A118,Risk Score Calculated: 0.86,AI_Model,LIVE
2026-01-30 17:37:21,A118,Isolation Requested,ControlRoom,ISOLATED
2026-01-30 17:37:39,A118,Risk Score Calculated: 0.76,AI_Model,ISOLATED
2026-01-30 17:38:21,A118,Risk Score Calculated: 0.83,AI_Model,ISOLATED
2026-01-30 17:38:26,A118,Risk Score Calculated: 0.83,AI_Model,ISOLATED
2026-01-30 17:38:31,A118,Risk Score Calculated: 0.83,AI_Model,ISOLATED
2026-01-30 17:38:36,A118,Risk Score Calculated: 0.86,AI_Model,ISOLATED
2026-01-30 18:18:33,A118,Lineman Check-In,Lineman_App,MAINTENANCE (LOCKED)
2026-01-30 18:18:35,A118,Lineman Check-Out,Lineman_App,MAINTENANCE (LOCKED)
2026-01-30 18:18:37,A118,Lineman Check-In,Lineman_App,MAINTENANCE (LOCKED)
2026-01-30 18:18:43,A118,Isolation Requested,ControlRoom,ISOLATED
2026-01-30 18:18:47,A118,Lineman Check-In,Lineman_App,MAINTENANCE (LOCKED)
2026-01-30 18:18:49,A118,Lineman Check-Out,Lineman_App,MAINTENANCE (LOCKED)
2026-01-30 18:18:52,A118,Lineman Check-Out,Lineman_App,MAINTENANCE (LOCKED)
2026-01-30 18:18:55,A118,Lineman Check-In,Lineman_App,MAINTENANCE (LOCKED)
2026-01-30 18:18:59,A118,Isolation Requested,ControlRoom,ISOLATED
2026-01-30 18:19:00,A118,Lineman Check-In,Lineman_App,MAINTENANCE (LOCKED)
2026-01-30 18:19:00,A118,Lineman Check-In,Lineman_App,MAINTENANCE (LOCKED)
2026-01-30 18:19:01,A118,Lineman Check-In,Lineman_App,MAINTENANCE (LOCKED)
2026-01-30 18:19:01,A118,Lineman Check-In,Lineman_App,MAINTENANCE (LOCKED)
2026-01-30 18:19:02,A118,Lineman Check-In,Lineman_App,MAINTENANCE (LOCKED)
2026-01-30 18:19:03,A118,Lineman Check-Out,Lineman_App,MAINTENANCE (LOCKED)
2026-01-30 18:19:04,A118,Lineman Check-Out,Lineman_App,MAINTENANCE (LOCKED)
2026-01-30 18:19:05,A118,Lineman Check-Out,Lineman_App,MAINTENANCE (LOCKED)
2026-01-30 18:19:06,A118,Lineman Check-Out,Lineman_App,MAINTENANCE (LOCKED)
2026-01-30 18:19:07,A118,Lineman Check-Out,Lineman_App,MAINTENANCE (LOCKED)
2026-01-30 18:19:08,A118,Lineman Check-Out,Lineman_App,MAINTENANCE (LOCKED)
2026-01-30 18:19:18,A118,Risk Score Calculated: 0.77,AI_Model,ISOLATED
2026-01-30 18:19:23,A118,Risk Score Calculated: 0.86,AI_Model,ISOLATED
2026-01-30 18:19:28,A118,Risk Score Calculated: 0.86,AI_Model,ISOLATED
2026-01-30 18:19:33,A118,Risk Score Calculated: 0.83,AI_Model,ISOLATED
2026-01-30 18:19:38,A118,Risk Score Calculated: 0.86,AI_Model,ISOLATED
2026-01-30 18:19:43,A118,Risk Score Calculated: 0.83,AI_Model,ISOLATED
2026-01-30 18:19:48,A118,Risk Score Calculated: 0.86,AI_Model,ISOLATED
2026-01-30 18:19:53,A118,Risk Score Calculated: 0.86,AI_Model,ISOLATED
2026-01-30 18:19:58,A118,Risk Score Calculated: 0.76,AI_Model,ISOLATED
2026-01-30 18:20:03,A118,Risk Score Calculated: 0.76,AI_Model,ISOLATED
2026-01-30 18:20:08,A118,Risk Score Calculated: 0.86,AI_Model,ISOLATED
2026-01-30 18:20:13,A118,Risk Score Calculated: 0.83,AI_Model,ISOLATED
2026-01-30 18:20:18,A118,Risk Score Calculated: 0.86,AI_Model,ISOLATED
2026-01-30 18:20:23,A118,Risk Score Calculated: 0.86,AI_Model,ISOLATED
2026-01-30 18:20:28,A118,Risk Score Calculated: 0.86,AI_Model,ISOLATED
2026-01-30 18:20:34,A118,Risk Score Calculated: 0.86,AI_Model,ISOLATED
2026-01-30 18:20:39,A118,Risk Score Calculated: 0.86,AI_Model,ISOLATED
2026-01-30 18:20:44,A118,Risk Score Calculated: 0.86,AI_Model,ISOLATED
2026-01-30 18:20:49,A118,Risk Score Calculated: 0.86,AI_Model,ISOLATED
2026-01-30 18:20:54,A118,Risk Score Calculated: 0.86,AI_Model,ISOLATED
2026-01-30 18:20:59,A118,Risk Score Calculated: 0.86,AI_Model,ISOLATED
2026-01-30 18:21:04,A118,Risk Score Calculated: 0.86,AI_Model,ISOLATED
2026-01-30 18:21:09,A118,Risk Score Calculated: 0.86,AI_Model,ISOLATED
2026-01-30 18:21:14,A118,Risk Score Calculated: 0.86,AI_Model,ISOLATED
2026-01-30 18:21:19,A118,Risk Score Calculated: 0.86,AI_Model,ISOLATED
2026-01-30 18:21:24,A118,Risk Score Calculated: 0.86,AI_Model,ISOLATED
2026-01-30 18:21:29,A118,Risk Score Calculated: 0.86,AI_Model,ISOLATED
2026-01-30 18:21:34,A118,Risk Score Calculated: 0.86,AI_Model,ISOLATED
2026-01-30 18:21:39,A118,Risk Score Calculated: 0.86,AI_Model,ISOLATED
2026-01-30 18:21:44,A118,Risk Score Calculated: 0.86,AI_Model,ISOLATED
2026-01-30 18:21:49,A118,Risk Score Calculated: 0.86,AI_Model,ISOLATED
2026-01-30 18:21:54,A118,Risk Score Calculated: 0.83,AI_Model,ISOLATED
2026-01-30 18:22:00,A118,Risk Score Calculated: 0.86,AI_Model,ISOLATED
2026-01-30 18:22:05,A118,Risk Score Calculated: 0.86,AI_Model,ISOLATED
2026-01-30 18:22:10,A118,Risk Score Calculated: 0.86,AI_Model,ISOLATED
2026-01-30 18:22:15,A118,Risk Score Calculated: 0.86,AI_Model,ISOLATED
2026-01-30 18:22:20,A118,Risk Score Calculated: 0.86,AI_Model,ISOLATED
2026-01-30 18:22:25,A118,Risk Score Calculated: 0.86,AI_Model,ISOLATED
2026-01-30 18:22:30,A118,Risk Score Calculated: 0.86,AI_Model,ISOLATED
2026-01-30 18:22:35,A118,Risk Score Calculated: 0.86,AI_Model,ISOLATED
2026-01-30 18:22:40,A118,Risk Score Calculated: 0.86,AI_Model,ISOLATED
2026-01-30 18:22:45,A118,Risk Score Calculated: 0.86,AI_Model,ISOLATED
2026-01-30 18:22:50,A118,Risk Score Calculated: 0.86,AI_Model,ISOLATED
2026-01-30 18:22:55,A118,Risk Score Calculated: 0.86,AI_Model,ISOLATED
2026-01-30 18:23:00,A118,Risk Score Calculated: 0.86,AI_Model,ISOLATED
2026-01-30 18:23:06,A118,Risk Score Calculated: 0.83,AI_Model,ISOLATED
2026-01-30 18:23:11,A118,Risk Score Calculated: 0.86,AI_Model,ISOLATED
2026-01-30 18:23:16,A118,Risk Score Calculated: 0.86,AI_Model,ISOLATED
2026-01-30 18:23:21,A118,Risk Score Calculated: 0.83,AI_Model,ISOLATED
2026-01-30 18:23:26,A118,Risk Score Calculated: 0.83,AI_Model,ISOLATED
2026-01-30 18:23:31,A118,Risk Score Calculated: 0.86,AI_Model,ISOLATED
2026-01-30 18:23:36,A118,Risk Score Calculated: 0.83,AI_Model,ISOLATED
2026-01-30 18:23:41,A118,Risk Score Calculated: 0.86,AI_Model,ISOLATED
2026-01-30 18:23:46,A118,Risk Score Calculated: 0.86,AI_Model,ISOLATED
2026-01-30 18:23:51,A118,Risk Score Calculated: 0.86,AI_Model,ISOLATED
2026-01-30 18:23:56,A118,Risk Score Calculated: 0.83,AI_Model,ISOLATED
2026-01-30 18:24:01,A118,Risk Score Calculated: 0.86,AI_Model,ISOLATED
2026-01-30 18:24:06,A118,Risk Score Calculated: 0.76,AI_Model,ISOLATED
2026-01-30 18:24:12,A118,Risk Score Calculated: 0.86,AI_Model,ISOLATED
2026-01-30 18:24:17,A118,Risk Score Calculated: 0.86,AI_Model,ISOLATED
2026-01-30 18:24:22,A118,Risk Score Calculated: 0.86,AI_Model,ISOLATED
2026-01-30 18:24:27,A118,Risk Score Calculated: 0.71,AI_Model,ISOLATED
2026-01-30 18:24:32,A118,Risk Score Calculated: 0.86,AI_Model,ISOLATED
2026-01-30 18:24:37,A118,Risk Score Calculated: 0.86,AI_Model,ISOLATED
2026-01-30 18:24:42,A118,Risk Score Calculated: 0.86,AI_Model,ISOLATED
2026-01-30 18:24:47,A118,Risk Score Calculated: 0.86,AI_Model,ISOLATED
2026-01-30 18:24:52,A118,Risk Score Calculated: 0.86,AI_Model,ISOLATED
2026-01-30 18:24:57,A118,Risk Score Calculated: 0.86,AI_Model,ISOLATED
2026-01-30 18:25:02,A118,Risk Score Calculated: 0.86,AI_Model,ISOLATED
2026-01-30 18:25:07,A118,Risk Score Calculated: 0.86,AI_Model,ISOLATED
2026-01-30 18:25:12,A118,Risk Score Calculated: 0.86,AI_Model,ISOLATED
2026-01-30 18:25:18,A118,Risk Score Calculated: 0.83,AI_Model,ISOLATED
2026-01-30 18:25:23,A118,Risk Score Calculated: 0.86,AI_Model,ISOLATED
2026-01-30 18:25:28,A118,Risk Score Calculated: 0.86,AI_Model,ISOLATED
2026-01-30 18:25:33,A118,Risk Score Calculated: 0.83,AI_Model,ISOLATED
2026-01-30 18:25:38,A118,Risk Score Calculated: 0.86,AI_Model,ISOLATED
2026-01-30 18:25:43,A118,Risk Score Calculated: 0.86,AI_Model,ISOLATED
2026-01-30 18:25:48,A118,Risk Score Calculated: 0.86,AI_Model,ISOLATED
2026-01-30 18:25:53,A118,Risk Score Calculated: 0.86,AI_Model,ISOLATED
2026-01-30 18:25:58,A118,Risk Score Calculated: 0.83,AI_Model,ISOLATED
2026-01-30 18:26:03,A118,Risk Score Calculated: 0.86,AI_Model,ISOLATED
2026-01-30 18:26:08,A118,Risk Score Calculated: 0.86,AI_Model,ISOLATED
2026-01-30 18:26:13,A118,Risk Score Calculated: 0.86,AI_Model,ISOLATED
2026-01-30 18:26:18,A118,Risk Score Calculated: 0.86,AI_Model,ISOLATED
2026-01-30 18:26:23,A118,Risk Score Calculated: 0.86,AI_Model,ISOLATED
2026-01-30 18:26:29,A118,Risk Score Calculated: 0.76,AI_Model,ISOLATED
2026-01-30 18:26:34,A118,Risk Score Calculated: 0.86,AI_Model,ISOLATED
2026-01-30 18:26:39,A118,Risk Score Calculated: 0.86,AI_Model,ISOLATED
2026-01-30 18:26:44,A118,Risk Score Calculated: 0.86,AI_Model,ISOLATED
2026-01-30 18:26:49,A118,Risk Score Calculated: 0.86,AI_Model,ISOLATED
2026-01-30 18:26:54,A118,Risk Score Calculated: 0.86,AI_Model,ISOLATED
2026-01-30 18:26:59,A118,Risk Score Calculated: 0.76,AI_Model,ISOLATED
2026-01-30 18:27:04,A118,Risk Score Calculated: 0.86,AI_Model,ISOLATED
2026-01-30 18:27:09,A118,Risk Score Calculated: 0.86,AI_Model,ISOLATED
2026-01-30 18:27:14,A118,Risk Score Calculated: 0.86,AI_Model,ISOLATED
2026-01-30 18:27:19,A118,Risk Score Calculated: 0.86,AI_Model,ISOLATED
2026-01-30 18:27:25,A118,Risk Score Calculated: 0.86,AI_Model,ISOLATED
2026-01-30 18:27:30,A118,Risk Score Calculated: 0.86,AI_Model,ISOLATED
2026-01-30 18:27:35,A118,Risk Score Calculated: 0.83,AI_Model,ISOLATED
2026-01-30 18:27:40,A118,Risk Score Calculated: 0.86,AI_Model,ISOLATED
2026-01-30 18:27:45,A118,Risk Score Calculated: 0.83,AI_Model,ISOLATED
2026-01-30 18:27:50,A118,Risk Score Calculated: 0.86,AI_Model,ISOLATED
2026-01-30 18:27:55,A118,Risk Score Calculated: 0.86,AI_Model,ISOLATED
2026-01-30 18:28:00,A118,Risk Score Calculated: 0.86,AI_Model,ISOLATED
2026-01-30 18:28:05,A118,Risk Score Calculated: 0.86,AI_Model,ISOLATED
2026-01-30 18:28:10,A118,Risk Score Calculated: 0.86,AI_Model,ISOLATED
2026-01-30 18:28:15,A118,Risk Score Calculated: 0.86,AI_Model,ISOLATED
2026-01-30 18:28:21,A118,Risk Score Calculated: 0.86,AI_Model,ISOLATED
2026-01-30 18:28:26,A118,Risk Score Calculated: 0.86,AI_Model,ISOLATED
2026-01-30 18:28:31,A118,Risk Score Calculated: 0.86,AI_Model,ISOLATED
2026-01-30 18:28:36,A118,Risk Score Calculated: 0.86,AI_Model,ISOLATED
2026-01-30 18:28:41,A118,Risk Score Calculated: 0.86,AI_Model,ISOLATED
2026-01-30 18:28:46,A118,Risk Score Calculated: 0.76,AI_Model,ISOLATED
2026-01-30 18:28:51,A118,Risk Score Calculated: 0.86,AI_Model,ISOLATED
2026-01-30 18:28:56,A118,Risk Score Calculated: 0.86,AI_Model,ISOLATED
2026-01-30 18:29:01,A118,Risk Score Calculated: 0.83,AI_Model,ISOLATED
2026-01-30 18:29:06,A118,Risk Score Calculated: 0.86,AI_Model,ISOLATED
2026-01-30 18:29:11,A118,Risk Score Calculated: 0.86,AI_Model,ISOLATED
2026-01-30 18:29:16,A118,Risk Score Calculated: 0.86,AI_Model,ISOLATED
2026-01-30 18:29:21,A118,Risk Score Calculated: 0.83,AI_Model,ISOLATED
2026-01-30 18:29:26,A118,Risk Score Calculated: 0.86,AI_Model,ISOLATED
2026-01-30 18:29:31,A118,Risk Score Calculated: 0.86,AI_Model,ISOLATED
2026-01-30 18:29:36,A118,Risk Score Calculated: 0.86,AI_Model,ISOLATED
2026-01-30 18:29:42,A118,Risk Score Calculated: 0.76,AI_Model,ISOLATED
2026-01-30 18:29:47,A118,Risk Score Calculated: 0.86,AI_Model,ISOLATED
2026-01-30 18:29:52,A118,Risk Score Calculated: 0.86,AI_Model,ISOLATED
2026-01-30 18:29:57,A118,Risk Score Calculated: 0.76,AI_Model,ISOLATED
2026-01-30 18:30:02,A118,Risk Score Calculated: 0.86,AI_Model,ISOLATED
2026-01-30 18:30:07,A118,Risk Score Calculated: 0.86,AI_Model,ISOLATED
2026-01-30 18:30:12,A118,Risk Score Calculated: 0.86,AI_Model,ISOLATED
2026-01-30 18:30:17,A118,Risk Score Calculated: 0.83,AI_Model,ISOLATED
2026-01-30 18:30:22,A118,Risk Score Calculated: 0.86,AI_Model,ISOLATED
2026-01-30 18:30:27,A118,Risk Score Calculated: 0.86,AI_Model,ISOLATED
2026-01-30 18:30:32,A118,Risk Score Calculated: 0.86,AI_Model,ISOLATED
2026-01-30 18:30:37,A118,Risk Score Calculated: 0.86,AI_Model,ISOLATED
2026-01-30 18:30:42,A118,Risk Score Calculated: 0.86,AI_Model,ISOLATED
2026-01-30 18:30:47,A118,Risk Score Calculated: 0.83,AI_Model,ISOLATED
2026-01-30 18:30:52,A118,Risk Score Calculated: 0.86,AI_Model,ISOLATED
2026-01-30 18:30:58,A118,Risk Score Calculated: 0.86,AI_Model,ISOLATED
2026-01-30 18:31:03,A118,Risk Score Calculated: 0.86,AI_Model,ISOLATED
2026-01-30 18:31:08,A118,Risk Score Calculated: 0.86,AI_Model,ISOLATED
2026-01-30 18:31:13,A118,Risk Score Calculated: 0.86,AI_Model,ISOLATED
2026-01-30 18:31:18,A118,Risk Score Calculated: 0.86,AI_Model,ISOLATED
2026-01-30 18:31:23,A118,Risk Score Calculated: 0.86,AI_Model,ISOLATED
2026-01-30 18:31:28,A118,Risk Score Calculated: 0.83,AI_Model,ISOLATED
2026-01-30 18:31:33,A118,Risk Score Calculated: 0.86,AI_Model,ISOLATED
2026-01-30 18:31:38,A118,Risk Score Calculated: 0.86,AI_Model,ISOLATED
2026-01-30 18:31:43,A118,Risk Score Calculated: 0.86,AI_Model,ISOLATED
2026-01-30 18:31:48,A118,Risk Score Calculated: 0.86,AI_Model,ISOLATED
2026-01-30 18:31:53,A118,Risk Score Calculated: 0.76,AI_Model,ISOLATED
2026-01-30 18:31:58,A118,Risk Score Calculated: 0.86,AI_Model,ISOLATED
2026-01-30 18:32:03,A118,Risk Score Calculated: 0.76,AI_Model,ISOLATED
2026-01-30 18:32:08,A118,Risk Score Calculated: 0.86,AI_Model,ISOLATED
2026-01-30 18:32:13,A118,Risk Score Calculated: 0.86,AI_Model,ISOLATED
2026-01-30 18:32:18,A118,Risk Score Calculated: 0.83,AI_Model,ISOLATED
2026-01-30 18:32:24,A118,Risk Score Calculated: 0.86,AI_Model,ISOLATED
2026-01-30 18:32:29,A118,Risk Score Calculated: 0.76,AI_Model,ISOLATED
2026-01-30 18:32:34,A118,Risk Score Calculated: 0.86,AI_Model,ISOLATED
2026-01-30 18:32:39,A118,Risk Score Calculated: 0.86,AI_Model,ISOLATED
2026-01-30 18:32:44,A118,Risk Score Calculated: 0.86,AI_Model,ISOLATED
2026-01-30 18:32:49,A118,Risk Score Calculated: 0.86,AI_Model,ISOLATED
2026-01-30 18:32:54,A118,Risk Score Calculated: 0.86,AI_Model,ISOLATED
2026-01-30 18:32:59,A118,Risk Score Calculated: 0.76,AI_Model,ISOLATED
2026-01-30 18:33:04,A118,Risk Score Calculated: 0.86,AI_Model,ISOLATED
2026-01-30 18:33:09,A118,Risk Score Calculated: 0.86,AI_Model,ISOLATED
2026-01-30 18:33:14,A118,Risk Score Calculated: 0.86,AI_Model,ISOLATED
2026-01-30 18:33:19,A118,Risk Score Calculated: 0.83,AI_Model,ISOLATED
2026-01-30 18:33:24,A118,Risk Score Calculated: 0.83,AI_Model,ISOLATED
2026-01-30 18:33:29,A118,Risk Score Calculated: 0.83,AI_Model,ISOLATED
2026-01-30 18:33:34,A118,Risk Score Calculated: 0.86,AI_Model,ISOLATED
2026-01-30 18:33:39,A118,Risk Score Calculated: 0.86,AI_Model,ISOLATED
2026-01-30 18:33:44,A118,Risk Score Calculated: 0.86,AI_Model,ISOLATED
2026-01-30 18:33:50,A118,Risk Score Calculated: 0.86,AI_Model,ISOLATED
2026-01-30 18:33:55,A118,Risk Score Calculated: 0.83,AI_Model,ISOLATED
2026-01-30 18:34:00,A118,Risk Score Calculated: 0.86,AI_Model,ISOLATED
2026-01-30 18:34:05,A118,Risk Score Calculated: 0.86,AI_Model,ISOLATED
2026-01-30 18:34:10,A118,Risk Score Calculated: 0.83,AI_Model,ISOLATED
2026-01-30 18:34:15,A118,Risk Score Calculated: 0.83,AI_Model,ISOLATED
2026-01-30 18:34:20,A118,Risk Score Calculated: 0.86,AI_Model,ISOLATED
2026-01-30 18:34:25,A118,Risk Score Calculated: 0.86,AI_Model,ISOLATED
2026-01-30 18:34:30,A118,Risk Score Calculated: 0.86,AI_Model,ISOLATED
2026-01-30 18:34:35,A118,Risk Score Calculated: 0.86,AI_Model,ISOLATED
2026-01-30 18:34:40,A118,Risk Score Calculated: 0.86,AI_Model,ISOLATED
2026-01-30 18:34:45,A118,Risk Score Calculated: 0.86,AI_Model,ISOLATED
2026-01-30 18:34:50,A118,Risk Score Calculated: 0.86,AI_Model,ISOLATED
2026-01-30 18:34:55,A118,Risk Score Calculated: 0.86,AI_Model,ISOLATED
2026-01-30 18:35:00,A118,Risk Score Calculated: 0.86,AI_Model,ISOLATED
2026-01-30 18:35:06,A118,Risk Score Calculated: 0.83,AI_Model,ISOLATED
2026-01-30 18:35:11,A118,Risk Score Calculated: 0.76,AI_Model,ISOLATED
2026-01-30 18:35:16,A118,Risk Score Calculated: 0.86,AI_Model,ISOLATED
2026-01-30 18:35:21,A118,Risk Score Calculated: 0.86,AI_Model,ISOLATED
2026-01-30 18:35:26,A118,Risk Score Calculated: 0.86,AI_Model,ISOLATED
2026-01-30 18:35:31,A118,Risk Score Calculated: 0.86,AI_Model,ISOLATED
2026-01-30 18:35:36,A118,Risk Score Calculated: 0.86,AI_Model,ISOLATED
2026-01-30 18:35:41,A118,Risk Score Calculated: 0.86,AI_Model,ISOLATED
2026-01-30 18:35:46,A118,Risk Score Calculated: 0.86,AI_Model,ISOLATED
2026-01-30 18:35:51,A118,Risk Score Calculated: 0.86,AI_Model,ISOLATED
2026-01-30 18:35:56,A118,Risk Score Calculated: 0.83,AI_Model,ISOLATED
2026-01-30 18:36:01,A118,Risk Score Calculated: 0.86,AI_Model,ISOLATED
2026-01-30 18:36:07,A118,Risk Score Calculated: 0.86,AI_Model,ISOLATED
2026-01-30 18:36:12,A118,Risk Score Calculated: 0.86,AI_Model,ISOLATED
2026-01-30 18:36:17,A118,Risk Score Calculated: 0.86,AI_Model,ISOLATED
2026-01-30 18:36:22,A118,Risk Score Calculated: 0.86,AI_Model,ISOLATED
2026-01-30 18:36:27,A118,Risk Score Calculated: 0.76,AI_Model,ISOLATED
2026-01-30 18:36:32,A118,Risk Score Calculated: 0.83,AI_Model,ISOLATED
2026-01-30 18:36:37,A118,Risk Score Calculated: 0.86,AI_Model,ISOLATED
2026-01-30 18:36:42,A118,Risk Score Calculated: 0.76,AI_Model,ISOLATED
2026-01-30 18:36:47,A118,Risk Score Calculated: 0.76,AI_Model,ISOLATED
2026-01-30 18:36:52,A118,Risk Score Calculated: 0.83,AI_Model,ISOLATED
2026-01-30 18:36:57,A118,Risk Score Calculated: 0.86,AI_Model,ISOLATED
2026-01-30 18:37:03,A118,Risk Score Calculated: 0.86,AI_Model,ISOLATED
2026-01-30 18:37:08,A118,Risk Score Calculated: 0.76,AI_Model,ISOLATED
2026-01-30 18:37:13,A118,Risk Score Calculated: 0.86,AI_Model,ISOLATED
2026-01-30 18:37:18,A118,Risk Score Calculated: 0.83,AI_Model,ISOLATED
2026-01-30 18:37:23,A118,Risk Score Calculated: 0.86,AI_Model,ISOLATED
2026-01-30 18:37:28,A118,Risk Score Calculated: 0.76,AI_Model,ISOLATED
2026-01-30 18:37:33,A118,Risk Score Calculated: 0.86,AI_Model,ISOLATED
2026-01-30 18:37:38,A118,Risk Score Calculated: 0.86,AI_Model,ISOLATED
2026-01-30 18:37:43,A118,Risk Score Calculated: 0.86,AI_Model,ISOLATED
2026-01-30 18:37:48,A118,Risk Score Calculated: 0.86,AI_Model,ISOLATED
2026-01-30 18:37:54,A118,Risk Score Calculated: 0.86,AI_Model,ISOLATED
2026-01-30 18:37:58,A118,Risk Score Calculated: 0.86,AI_Model,ISOLATED
2026-01-30 18:38:14,A118,Lineman Check-In,Lineman_App,MAINTENANCE (LOCKED)
2026-01-30 18:38:18,A118,Lineman Check-Out,Lineman_App,MAINTENANCE (LOCKED)
2026-01-30 18:38:20,A118,Lineman Check-In,Lineman_App,MAINTENANCE (LOCKED)
2026-01-30 18:38:20,A118,Lineman Check-In,Lineman_App,MAINTENANCE (LOCKED)
2026-01-30 18:38:21,A118,Lineman Check-Out,Lineman_App,MAINTENANCE (LOCKED)
2026-01-30 18:39:02,A118,Lineman Check-Out,Lineman_App,MAINTENANCE (LOCKED)
2026-01-30 18:39:05,A118,Lineman Check-In,Lineman_App,MAINTENANCE (LOCKED)
2026-01-30 18:39:07,A118,Lineman Check-Out,Lineman_App,MAINTENANCE (LOCKED)
2026-01-30 18:39:13,A118,Risk Score Calculated: 0.86,AI_Model,ISOLATED
2026-01-30 18:39:44,A118,Risk Score Calculated: 0.86,AI_Model,ISOLATED
2026-01-30 18:39:48,A118,Risk Score Calculated: 0.86,AI_Model,ISOLATED
2026-01-30 18:39:50,A118,Risk Score Calculated: 0.86,AI_Model,ISOLATED
2026-01-30 18:39:51,A118,Risk Score Calculated: 0.83,AI_Model,ISOLATED
2026-01-30 18:40:06,A118,Risk Score Calculated: 0.86,AI_Model,ISOLATED
2026-01-30 18:40:07,A118,Risk Score Calculated: 0.86,AI_Model,ISOLATED
2026-01-30 18:40:08,A118,Risk Score Calculated: 0.83,AI_Model,ISOLATED
2026-01-30 18:40:08,A118,Risk Score Calculated: 0.86,AI_Model,ISOLATED
2026-01-30 18:40:08,A118,Risk Score Calculated: 0.86,AI_Model,ISOLATED
2026-01-30 18:40:08,A118,Risk Score Calculated: 0.86,AI_Model,ISOLATED
2026-01-30 18:40:09,A118,Risk Score Calculated: 0.86,AI_Model,ISOLATED
2026-01-30 18:40:09,A118,Risk Score Calculated: 0.86,AI_Model,ISOLATED
2026-01-30 19:08:37,A118,Risk Score Calculated: 0.00,AI_Model,LIVE
2026-01-30 19:08:42,A118,Risk Score Calculated: 0.03,AI_Model,LIVE
2026-01-30 19:08:47,A118,Risk Score Calculated: 0.04,AI_Model,LIVE
2026-01-30 19:08:52,A118,Risk Score Calculated: 0.01,AI_Model,LIVE
2026-01-30 19:08:57,A118,Risk Score Calculated: 0.03,AI_Model,LIVE
2026-01-30 19:09:02,A118,Risk Score Calculated: 0.01,AI_Model,LIVE
2026-01-30 19:09:07,A118,Risk Score Calculated: 0.03,AI_Model,LIVE
2026-01-30 19:09:12,A118,Risk Score Calculated: 0.08,AI_Model,LIVE
2026-01-30 19:09:17,A118,Risk Score Calculated: 0.01,AI_Model,LIVE
2026-01-30 19:09:22,A118,Risk Score Calculated: 0.02,AI_Model,LIVE
2026-01-30 19:09:28,A118,Risk Score Calculated: 0.93,AI_Model,LIVE
2026-01-30 19:09:33,A118,Risk Score Calculated: 0.06,AI_Model,LIVE
2026-01-30 19:09:38,A118,Risk Score Calculated: 0.05,AI_Model,LIVE
2026-01-30 19:09:41,A118,Risk Score Calculated: 0.93,AI_Model,LIVE
2026-01-30 19:10:07,A118,Risk Score Calculated: 0.93,AI_Model,LIVE
2026-01-30 19:10:10,A118,Risk Score Calculated: 0.03,AI_Model,LIVE
2026-01-30 19:22:28,A118,Risk Score Calculated: 0.02,AI_Model,LIVE
2026-01-30 19:22:30,A118,Risk Score Calculated: 0.02,AI_Model,LIVE
2026-01-30 19:22:34,A118,Risk Score Calculated: 0.93,AI_Model,LIVE
2026-01-30 19:22:40,A118,Risk Score Calculated: 0.00,AI_Model,LIVE
2026-01-30 19:22:45,A118,Risk Score Calculated: 0.05,AI_Model,LIVE
2026-01-30 19:22:50,A118,Risk Score Calculated: 0.02,AI_Model,LIVE
2026-01-30 19:22:55,A118,Risk Score Calculated: 0.01,AI_Model,LIVE
2026-01-30 19:23:00,A118,Risk Score Calculated: 0.04,AI_Model,LIVE
2026-01-30 19:23:05,A118,Risk Score Calculated: 0.01,AI_Model,LIVE
2026-01-30 19:23:10,A118,Risk Score Calculated: 0.06,AI_Model,LIVE
2026-01-30 19:23:16,A118,Risk Score Calculated: 0.03,AI_Model,LIVE
2026-01-30 19:23:21,A118,Risk Score Calculated: 0.93,AI_Model,LIVE
2026-01-30 19:23:26,A118,Risk Score Calculated: 0.00,AI_Model,LIVE
2026-01-30 19:23:31,A118,Risk Score Calculated: 0.93,AI_Model,LIVE
2026-01-30 19:23:36,A118,Risk Score Calculated: 0.02,AI_Model,LIVE
2026-01-30 19:23:41,A118,Risk Score Calculated: 0.93,AI_Model,LIVE
2026-01-30 19:23:46,A118,Risk Score Calculated: 0.93,AI_Model,LIVE
2026-01-30 19:23:51,A118,Risk Score Calculated: 0.01,AI_Model,LIVE
2026-01-30 19:23:56,A118,Risk Score Calculated: 0.93,AI_Model,LIVE
2026-01-30 19:24:12,A118,Risk Score Calculated: 0.01,AI_Model,LIVE
2026-01-30 19:24:13,A118,Risk Score Calculated: 0.00,AI_Model,LIVE
2026-01-30 19:24:15,A118,Risk Score Calculated: 0.00,AI_Model,LIVE
2026-01-30 19:24:41,A118,Risk Score Calculated: 0.93,AI_Model,LIVE
2026-01-30 19:37:56,A118,Isolation Requested,ControlRoom,ISOLATED
2026-01-30 19:38:04,A118,Line Re-Energized,ControlRoom,LIVE
2026-01-30 19:38:13,A118,Risk Score Calculated: 0.00,AI_Model,LIVE
2026-01-30 19:38:20,A118,Risk Score Calculated: 0.00,AI_Model,LIVE
2026-01-30 19:38:28,A118,Risk Score Calculated: 0.93,AI_Model,LIVE
2026-01-30 19:38:40,A118,Risk Score Calculated: 0.25,AI_Model,LIVE
2026-01-30 19:38:45,A118,Risk Score Calculated: 0.93,AI_Model,LIVE
2026-01-30 19:38:50,A118,Risk Score Calculated: 0.00,AI_Model,LIVE
2026-01-30 19:38:55,A118,Risk Score Calculated: 0.07,AI_Model,LIVE
2026-01-30 19:46:44,A118,Risk Score Calculated: 0.01,AI_Model,LIVE
2026-01-30 19:46:49,A118,Risk Score Calculated: 0.10,AI_Model,LIVE
2026-01-30 19:46:54,A118,Risk Score Calculated: 0.00,AI_Model,LIVE
2026-01-30 19:47:00,A118,Risk Score Calculated: 0.93,AI_Model,LIVE
2026-01-30 19:47:05,A118,Risk Score Calculated: 0.10,AI_Model,LIVE
2026-01-30 19:47:10,A118,Risk Score Calculated: 0.01,AI_Model,LIVE
2026-01-30 19:47:15,A118,Risk Score Calculated: 0.00,AI_Model,LIVE
2026-01-30 19:47:20,A118,Risk Score Calculated: 0.01,AI_Model,LIVE
2026-01-30 19:47:25,A118,Risk Score Calculated: 0.93,AI_Model,LIVE
2026-01-30 19:48:01,A118,Risk Score Calculated: 0.00,AI_Model,LIVE
2026-01-30 19:48:06,A118,Risk Score Calculated: 0.05,AI_Model,LIVE
2026-01-30 19:48:11,A118,Risk Score Calculated: 0.90,AI_Model,LIVE
2026-01-30 19:54:59,A118,Risk Score Calculated: 0.02,AI_Model,LIVE
2026-01-30 19:55:11,A118,Risk Score Calculated: 0.03,AI_Model,LIVE
2026-01-30 19:55:12,A118,Risk Score Calculated: 0.01,AI_Model,LIVE
2026-01-30 19:55:14,A118,Risk Score Calculated: 0.11,AI_Model,LIVE
2026-01-30 19:55:14,A118,Risk Score Calculated: 0.02,AI_Model,LIVE
2026-01-30 19:55:15,A118,Risk Score Calculated: 0.01,AI_Model,LIVE
2026-01-30 19:55:20,A118,Risk Score Calculated: 0.93,AI_Model,LIVE
2026-01-30 19:55:30,A118,Risk Score Calculated: 0.00,AI_Model,LIVE
2026-01-30 19:55:35,A118,Risk Score Calculated: 0.93,AI_Model,LIVE
2026-01-30 19:55:40,A118,Risk Score Calculated: 0.93,AI_Model,LIVE
2026-01-30 19:55:45,A118,Risk Score Calculated: 0.02,AI_Model,LIVE
2026-01-30 19:55:51,A118,Risk Score Calculated: 0.93,AI_Model,LIVE
2026-01-30 19:55:56,A118,Risk Score Calculated: 0.02,AI_Model,LIVE
2026-01-30 19:55:59,A118,Isolation Requested,ControlRoom,ISOLATED
2026-01-30 19:56:08,A118,Risk Score Calculated: 0.01,AI_Model,ISOLATED
2026-01-30 19:56:09,A118,Lineman Check-In,Lineman_App,MAINTENANCE (LOCKED)
2026-01-30 19:56:14,A118,Risk Score Calculated: 0.93,AI_Model,MAINTENANCE (LOCKED)
2026-01-30 19:56:14,A118,Lineman Check-Out,Lineman_App,MAINTENANCE (LOCKED)
2026-01-30 19:56:15,A118,Lineman Check-Out,Lineman_App,ISOLATED
2026-01-30 19:56:31,A118,Risk Score Calculated: 0.93,AI_Model,ISOLATED
2026-01-30 19:56:31,A118,Line Re-Energized,ControlRoom,LIVE
2026-01-30 19:56:54,A118,Risk Score Calculated: 0.01,AI_Model,LIVE
